<?xml version="1.0" encoding="utf-8"?>
<ModMetaData>
	<name>Bargain Tweaks</name>
	<author>Sladki</author>
	<supportedVersions>
		<li>1.3</li>
	</supportedVersions>
	<packageId>Sladki.BargainTweaks</packageId>
	<url>https://ludeon.com/forums/index.php?topic=41965.0</url>
	<modDependencies>
		<li>
			<packageId>brrainz.harmony</packageId>
			<displayName>Harmony</displayName>
			<steamWorkshopUrl>steam://url/CommunityFilePage/2009463077</steamWorkshopUrl>
			<downloadUrl>https://github.com/pardeike/HarmonyRimWorld/releases/latest</downloadUrl>
		</li>
	</modDependencies>
	<description>Adds random demand to every trader for each item.\nAllows to change trading price calculation.</description>
</ModMetaData>
